name,age
Thedric,87
Leia,57
Barron,51
Maximilianus,21
Meggi,62
Xenia,8
Enrique,48
Jaymee,28
Giraldo,57
Bryon,31
Grenville,82
Fritz,47
Talia,96
Sergei,94
Cathi,58
Sal,86
Augustin,62
Rhianna,97
Emilie,97
Eran,69
Garik,66
Retha,97
Ashly,90
Merlina,66
Desi,92
Baxter,17
Aubrie,98
Kendricks,28
Ferrell,29
Grata,71
Federico,89
Brittan,37
Glen,44
Addy,9
Benedick,3
Daisy,76
Robyn,44
Kristine,97
Morganica,72
Tallia,91
Rozalin,11
Naoma,44
Maryl,56
Zeke,62
Caryl,5
Clem,93
Bebe,84
Renee,22
Christian,89
Rafe,83
Carlotta,78
Davie,60
Alisha,6
Eugenius,8
Dulcie,65
Minda,80
Bendick,80
Malina,73
Zandra,68
Karissa,26
Nathanael,5
Brady,23
Ker,93
Martin,35
Matthieu,48
Dominica,31
Lorant,19
Rand,37
Carling,45
Fairlie,22
Wayne,54
Nelie,27
Tate,94
Lydia,97
Mal,78
Maribel,77
Jack,40
Loy,99
Maiga,40
Rodolfo,12
Cort,38
Barbabra,91
Zea,57
Ulrika,45
Gusta,67
Pepita,2
Jacinta,94
Alley,41
Cecilius,54
Randi,31
Hallsy,91
Debbi,5
Frederich,83
Ulick,7
Base,76
Allen,57
Zebulon,26
Yves,24
Darwin,49
Alonzo,3
